{
  "test_ID": "test/noise/1.noise_0.15.wav",
  "db_ID": {
    "1": {
      "sim": {
        "vocal": 1.0,
        "chords": 1.0,
        "average": 1.0
      }
    },
    "2": {
      "sim": {
        "vocal": 0.7657142857142857,
        "chords": 0.6909722222222222,
        "average": 0.728343253968254
      }
    },
    "3": {
      "sim": {
        "vocal": 0.928125,
        "chords": 0.5243055555555556,
        "average": 0.7262152777777777
      }
    }
  },
  "timestamp": "2022-06-19T22:56:49.553678"
}