{
  "test_ID": "test_light/raw/1.wav",
  "db_ID": {
    "1": {
      "sim": {
        "vocal": 1.0,
        "chords": 1.0,
        "average": 1.0
      }
    },
    "5": {
      "sim": {
        "vocal": 0.7257142857142858,
        "chords": 0.6909722222222222,
        "average": 0.7083432539682539
      }
    },
    "7": {
      "sim": {
        "vocal": 0.928125,
        "chords": 0.5243055555555556,
        "average": 0.7262152777777777
      }
    }
  },
  "timestamp": "2022-06-20T01:33:13.964337"
}