{
  "test_ID": "test_light/noise/1.noise_0.24.wav",
  "db_ID": {
    "1": {
      "sim": {
        "vocal": 0.8666666666666667,
        "chords": 0.9513888888888888,
        "average": 0.9090277777777778
      }
    },
    "5": {
      "sim": {
        "vocal": 0.72,
        "chords": 0.685763888888889,
        "average": 0.7028819444444445
      }
    },
    "7": {
      "sim": {
        "vocal": 0.84375,
        "chords": 0.5234375,
        "average": 0.68359375
      }
    }
  },
  "timestamp": "2022-06-20T00:34:19.852126"
}