{
  "test_ID": "test/noise//1.noise_0.15.wav",
  "db_ID": {
    "1": {
      "sim": {
        "vocal": 1.0,
        "chords": 0.9600694444444443,
        "average": 0.9800347222222221
      }
    },
    "5": {
      "sim": {
        "vocal": 0.8342857142857142,
        "chords": 0.7013888888888888,
        "average": 0.7678373015873015
      }
    },
    "7": {
      "sim": {
        "vocal": 0.96875,
        "chords": 0.5373263888888888,
        "average": 0.7530381944444444
      }
    }
  },
  "timestamp": "2022-06-20T00:06:05.690581"
}