{
  "test_ID": "test_light/raw/5.wav",
  "db_ID": {
    "1": {
      "sim": {
        "vocal": 1.0,
        "chords": 0.6909722222222222,
        "average": 0.8454861111111112
      }
    },
    "5": {
      "sim": {
        "vocal": 1.0,
        "chords": 1.0,
        "average": 1.0
      }
    },
    "7": {
      "sim": {
        "vocal": 0.953125,
        "chords": 0.5034722222222222,
        "average": 0.7282986111111112
      }
    }
  },
  "timestamp": "2022-06-20T01:33:56.271993"
}