{
  "test_ID": "test_light/noise/5.noise_0.16.wav",
  "db_ID": {
    "1": {
      "sim": {
        "vocal": 0.7666666666666666,
        "chords": 0.6961805555555555,
        "average": 0.731423611111111
      }
    },
    "5": {
      "sim": {
        "vocal": 0.7367010309278351,
        "chords": 0.9565972222222222,
        "average": 0.8466491265750287
      }
    },
    "7": {
      "sim": {
        "vocal": 0.8125,
        "chords": 0.4947916666666666,
        "average": 0.6536458333333333
      }
    }
  },
  "timestamp": "2022-06-20T00:35:02.902768"
}