{
  "test_ID": "test/noise//5.noise_0.24.wav",
  "db_ID": {
    "1": {
      "sim": {
        "vocal": 0.7222222222222222,
        "chords": 0.703125,
        "average": 0.7126736111111112
      }
    },
    "5": {
      "sim": {
        "vocal": 0.6931313131313132,
        "chords": 0.9201388888888888,
        "average": 0.8066351010101009
      }
    },
    "7": {
      "sim": {
        "vocal": 0.6354166666666666,
        "chords": 0.4913194444444445,
        "average": 0.5633680555555556
      }
    }
  },
  "timestamp": "2022-06-20T00:06:49.150579"
}