{
  "test_ID": "test_light/raw/7.wav",
  "db_ID": {
    "1": {
      "sim": {
        "vocal": 0.75,
        "chords": 0.5243055555555556,
        "average": 0.6371527777777778
      }
    },
    "5": {
      "sim": {
        "vocal": 0.6442857142857144,
        "chords": 0.5138888888888888,
        "average": 0.5790873015873016
      }
    },
    "7": {
      "sim": {
        "vocal": 0.984375,
        "chords": 1.0,
        "average": 0.9921875
      }
    }
  },
  "timestamp": "2022-06-20T01:34:48.203682"
}