{
  "test_ID": "test/noise//7.noise_0.16.wav",
  "db_ID": {
    "1": {
      "sim": {
        "vocal": 0.5925925925925926,
        "chords": 0.5267857142857142,
        "average": 0.5596891534391534
      }
    },
    "5": {
      "sim": {
        "vocal": 0.5898412698412698,
        "chords": 0.5029761904761905,
        "average": 0.5464087301587301
      }
    },
    "7": {
      "sim": {
        "vocal": 0.5441751038421598,
        "chords": 0.8891369047619048,
        "average": 0.7166560043020322
      }
    }
  },
  "timestamp": "2022-06-20T00:07:44.716788"
}