{
  "test_ID": "test_light/noise/7.noise_0.12.wav",
  "db_ID": {
    "1": {
      "sim": {
        "vocal": 0.6169296987087517,
        "chords": 0.5269097222222222,
        "average": 0.571919710465487
      }
    },
    "5": {
      "sim": {
        "vocal": 0.5707563025210084,
        "chords": 0.5086805555555556,
        "average": 0.5397184290382819
      }
    },
    "7": {
      "sim": {
        "vocal": 0.508639705882353,
        "chords": 0.9331597222222223,
        "average": 0.7208997140522877
      }
    }
  },
  "timestamp": "2022-06-20T02:05:15.257914"
}